City_ID,City,Country,Date,Lat,Lng,Max Temp,Humidity,Cloudiness,Wind Speed
0,Rikitea,PF,2020-08-23 16:47:06,-23.12,-134.97,69.44,83,84,22.28
1,Pochutla,MX,2020-08-23 16:47:06,15.74,-96.47,82.99,78,90,4.94
2,Mundo Nuevo,MX,2020-08-23 16:47:06,18.7,-95.5,82.71,79,27,5.44
3,Hobart,AU,2020-08-23 16:44:39,-42.88,147.33,41.0,75,40,6.93
4,Provideniya,RU,2020-08-23 16:47:06,64.38,-173.3,49.78,91,98,4.7
5,Busselton,AU,2020-08-23 16:47:06,-33.65,115.33,46.0,76,1,4.83
6,Iqaluit,CA,2020-08-23 16:47:07,63.75,-68.51,46.4,75,75,4.7
7,Coihaique,CL,2020-08-23 16:47:07,-45.58,-72.07,39.2,86,90,6.93
8,Faanui,PF,2020-08-23 16:47:07,-16.48,-151.75,76.48,76,1,19.6
9,Mastic Beach,US,2020-08-23 16:43:23,40.77,-72.85,81.0,74,1,5.82
10,Petropavlovsk-Kamchatskiy,RU,2020-08-23 16:47:07,53.05,158.65,50.0,100,75,2.24
11,Dikson,RU,2020-08-23 16:47:07,73.51,80.55,46.54,78,0,9.64
12,Semnan,IR,2020-08-23 16:47:08,35.57,53.4,91.4,15,0,2.24
13,Bluff,NZ,2020-08-23 16:47:08,-46.6,168.33,45.0,90,32,5.01
14,Nexo,DK,2020-08-23 16:47:08,55.06,15.13,68.0,68,0,23.04
15,Cape Town,ZA,2020-08-23 16:46:08,-33.93,18.42,63.0,82,20,9.17
16,Albany,US,2020-08-23 16:45:03,42.6,-73.97,86.0,61,0,4.29
17,Zverinogolovskoye,RU,2020-08-23 16:47:08,54.46,64.85,55.54,92,100,5.86
18,Binzhou,CN,2020-08-23 16:47:08,37.37,118.02,84.0,76,81,8.28
19,Mattru,SL,2020-08-23 16:47:09,7.62,-11.83,77.61,90,99,6.02
20,Lorengau,PG,2020-08-23 16:47:09,-2.02,147.27,78.15,84,100,8.48
21,Qaanaaq,GL,2020-08-23 16:47:09,77.48,-69.36,37.38,85,100,1.21
22,Arraial Do Cabo,BR,2020-08-23 16:47:09,-22.97,-42.03,73.4,60,40,8.05
23,Ushuaia,AR,2020-08-23 16:47:09,-54.8,-68.3,35.6,74,40,11.41
24,Tuatapere,NZ,2020-08-23 16:47:09,-46.13,167.68,45.0,90,60,5.01
25,Chuka,KE,2020-08-23 16:47:09,-0.33,37.65,68.2,57,100,4.29
26,Punta Arenas,CL,2020-08-23 16:45:02,-53.15,-70.92,37.4,59,20,26.4
27,Guerrero Negro,MX,2020-08-23 16:46:05,27.98,-114.06,81.36,54,88,15.32
28,San Carlos De Bariloche,AR,2020-08-23 16:46:20,-41.15,-71.31,50.0,66,75,23.04
29,Honiara,SB,2020-08-23 16:46:27,-9.43,159.95,73.4,100,75,3.36
30,Vaini,TO,2020-08-23 16:47:10,-21.2,-175.2,73.4,94,20,8.05
31,Gribanovskiy,RU,2020-08-23 16:47:10,51.46,41.98,66.99,51,0,4.94
32,Harper,LR,2020-08-23 16:47:10,4.38,-7.72,77.7,77,73,11.43
33,Upernavik,GL,2020-08-23 16:47:11,72.79,-56.15,44.82,82,83,9.1
34,Shingu,JP,2020-08-23 16:47:11,33.73,135.98,75.38,89,100,3.62
35,Nara,JP,2020-08-23 16:47:11,34.69,135.8,84.0,49,75,2.21
36,Tianpeng,CN,2020-08-23 16:43:21,30.99,103.94,73.0,99,100,8.88
37,Ostrovnoy,RU,2020-08-23 16:47:11,68.05,39.51,58.28,89,100,20.09
38,Saskylakh,RU,2020-08-23 16:47:11,71.92,114.08,41.79,80,0,7.74
39,Teya,RU,2020-08-23 16:47:11,60.38,92.63,51.13,88,9,2.68
40,Marawi,PH,2020-08-23 16:47:11,8.0,124.29,77.0,90,42,5.01
41,Westport,US,2020-08-23 16:43:57,41.14,-73.36,86.0,69,1,6.93
42,Mataura,NZ,2020-08-23 16:47:12,-46.19,168.86,45.0,90,46,5.01
43,Bilma,NE,2020-08-23 16:47:12,18.69,12.92,96.87,32,68,14.12
44,Kodiak,US,2020-08-23 16:47:12,57.79,-152.41,55.4,87,90,3.36
45,Esperance,AU,2020-08-23 16:47:12,-33.87,121.9,50.0,100,90,5.82
46,Aklavik,CA,2020-08-23 16:47:12,68.22,-135.01,55.4,87,75,5.82
47,Las Juntas,MX,2020-08-23 16:47:12,19.42,-104.7,84.2,83,75,6.93
48,Mahebourg,MU,2020-08-23 16:47:13,-20.41,57.7,71.6,73,40,16.11
49,Pevek,RU,2020-08-23 16:47:13,69.7,170.31,37.31,97,100,3.6
50,Pangnirtung,CA,2020-08-23 16:47:13,66.15,-65.71,42.8,93,90,10.29
51,Port Alfred,ZA,2020-08-23 16:47:14,-33.59,26.89,59.49,81,1,9.35
52,Ancud,CL,2020-08-23 16:47:14,-41.87,-73.82,51.01,100,90,14.99
53,Hermanus,ZA,2020-08-23 16:47:14,-34.42,19.23,57.99,91,100,1.01
54,Atar,MR,2020-08-23 16:47:14,20.52,-13.05,112.59,9,19,8.75
55,Nhulunbuy,AU,2020-08-23 16:47:14,-12.23,136.77,68.0,72,0,4.7
56,Coquimbo,CL,2020-08-23 16:47:14,-29.95,-71.34,57.2,62,40,10.29
57,Kruisfontein,ZA,2020-08-23 16:47:14,-34.0,24.73,59.0,79,19,4.0
58,Yar-Sale,RU,2020-08-23 16:47:15,66.83,70.83,53.29,92,56,11.97
59,Cidreira,BR,2020-08-23 16:47:15,-30.18,-50.21,62.67,65,0,14.99
60,Port Macquarie,AU,2020-08-23 16:47:15,-31.43,152.92,50.0,51,0,13.65
61,Yenagoa,NG,2020-08-23 16:47:15,4.92,6.26,78.17,80,100,6.67
62,Bethel,US,2020-08-23 16:47:15,41.37,-73.41,86.0,62,1,5.82
63,Yellowknife,CA,2020-08-23 16:47:01,62.46,-114.35,55.99,71,40,8.05
64,Jamestown,US,2020-08-23 16:47:15,42.1,-79.24,75.99,88,75,5.01
65,Saldanha,ZA,2020-08-23 16:47:16,-33.01,17.94,62.6,67,100,9.17
66,Cabra,ES,2020-08-23 16:47:16,37.47,-4.44,99.0,15,0,4.0
67,Alice Springs,AU,2020-08-23 16:47:16,-23.7,133.88,51.8,40,0,4.7
68,Kununurra,AU,2020-08-23 16:47:16,-15.77,128.73,62.6,24,1,7.25
69,Gat,IL,2020-08-23 16:47:16,31.61,34.76,84.99,43,0,8.08
70,Kapaa,US,2020-08-23 16:47:16,22.08,-159.32,78.8,83,90,9.17
71,Bengkulu,ID,2020-08-23 16:47:16,-3.8,102.27,76.82,88,96,4.16
72,Athabasca,CA,2020-08-23 16:47:17,54.72,-113.29,62.96,54,18,11.61
73,Yuba City,US,2020-08-23 16:45:30,39.14,-121.62,80.01,44,1,0.81
74,Laguna,US,2020-08-23 16:47:17,38.42,-121.42,78.01,56,1,4.7
75,Georgetown,MY,2020-08-23 16:46:45,5.41,100.34,84.2,88,20,3.36
76,Ilulissat,GL,2020-08-23 16:47:17,69.22,-51.1,46.4,52,3,3.36
77,Adrar,MR,2020-08-23 16:47:17,20.5,-10.07,112.08,6,92,11.05
78,Hobyo,SO,2020-08-23 16:47:17,5.35,48.53,76.26,77,45,25.57
79,Castro,BR,2020-08-23 16:47:17,-24.79,-50.01,58.14,68,33,10.85
80,Tessalit,ML,2020-08-23 16:47:18,20.2,1.01,103.21,19,25,12.15
81,Broome,US,2020-08-23 16:47:18,42.25,-75.83,88.0,54,1,9.17
82,Vitim,RU,2020-08-23 16:47:18,59.45,112.56,52.3,67,0,5.88
83,Torbay,CA,2020-08-23 16:47:18,47.67,-52.73,71.01,45,20,10.29
84,Sao Joao Da Barra,BR,2020-08-23 16:47:18,-21.64,-41.05,75.2,50,75,11.41
85,Wattegama,LK,2020-08-23 16:47:18,6.8,81.48,80.6,94,20,9.17
86,Saint-Philippe,RE,2020-08-23 16:47:18,-21.36,55.77,68.0,72,25,2.24
87,Katangli,RU,2020-08-23 16:47:19,51.71,143.23,47.73,99,41,1.95
88,Tuktoyaktuk,CA,2020-08-23 16:47:19,69.45,-133.04,55.4,82,20,8.05
89,Constitucion,CL,2020-08-23 16:47:19,-35.33,-72.42,53.35,75,100,21.34
90,Santa Fe,AR,2020-08-23 16:43:42,-31.63,-60.7,72.0,30,0,8.01
91,Souillac,MU,2020-08-23 16:47:19,-20.52,57.52,71.6,73,40,16.11
92,Kidal,ML,2020-08-23 16:47:19,18.44,1.41,100.4,23,3,8.3
93,Porto Novo,BJ,2020-08-23 16:47:19,6.5,2.6,80.6,78,40,14.99
94,Ixtapa,MX,2020-08-23 16:47:19,20.7,-105.2,87.01,74,20,6.93
95,Atuona,PF,2020-08-23 16:47:20,-9.8,-139.03,78.1,77,10,15.88
96,Ocosingo,MX,2020-08-23 16:47:20,17.07,-92.25,80.6,88,40,1.88
97,Yugorsk,RU,2020-08-23 16:47:20,61.31,63.33,52.77,86,19,6.04
98,Weligama,LK,2020-08-23 16:47:20,5.97,80.42,79.21,86,13,5.19
99,Macklin,CA,2020-08-23 16:47:20,52.33,-109.93,65.52,59,86,1.68
100,Buraydah,SA,2020-08-23 16:47:20,26.33,43.98,104.0,19,0,4.7
101,Isangel,VU,2020-08-23 16:47:21,-19.55,169.27,74.61,87,4,3.36
102,Banfora,BF,2020-08-23 16:47:21,10.63,-4.77,81.79,77,14,7.27
103,Chokurdakh,RU,2020-08-23 16:47:21,70.63,147.92,32.0,98,96,8.23
104,Kavieng,PG,2020-08-23 16:47:21,-2.57,150.8,77.45,90,100,10.16
105,San Cristobal,VE,2020-08-23 16:44:32,7.77,-72.22,80.6,69,75,9.17
106,Airai,TL,2020-08-23 16:47:21,-8.93,125.41,57.02,37,60,4.14
107,Mangrol,IN,2020-08-23 16:47:21,21.12,70.12,80.69,87,100,18.19
108,Tias,ES,2020-08-23 16:47:21,28.96,-13.64,84.2,58,0,32.21
109,Klyuchi,RU,2020-08-23 16:47:22,52.27,79.17,64.0,52,79,4.68
110,Gillette,US,2020-08-23 16:47:22,44.29,-105.5,81.0,30,1,3.36
111,Batticaloa,LK,2020-08-23 16:47:22,7.71,81.69,82.58,74,34,9.24
112,Udachnyy,RU,2020-08-23 16:47:22,66.42,112.4,45.95,59,0,2.19
113,Asau,RO,2020-08-23 16:47:22,46.43,26.4,75.99,67,10,2.91
114,Kaberamaido,UG,2020-08-23 16:47:23,1.74,33.16,72.36,72,72,4.76
115,Terrace,CA,2020-08-23 16:47:23,54.52,-128.6,53.6,93,90,2.24
116,Benito Juarez,MX,2020-08-23 16:47:23,19.39,-99.17,64.4,55,40,5.82
117,Nikolayevsk-Na-Amure,RU,2020-08-23 16:47:23,53.14,140.73,47.03,66,7,1.52
118,Thunder Bay,CA,2020-08-23 16:44:59,48.4,-89.32,68.0,100,90,5.82
119,Vestmannaeyjar,IS,2020-08-23 16:47:23,63.44,-20.27,55.4,66,91,9.17
120,Mehamn,NO,2020-08-23 16:47:23,71.04,27.85,66.2,72,63,10.29
121,Bredasdorp,ZA,2020-08-23 16:47:23,-34.53,20.04,59.0,87,100,11.41
122,Barrow,US,2020-08-23 16:46:35,71.29,-156.79,37.4,93,90,13.87
123,San Quintin,MX,2020-08-23 16:46:04,30.48,-115.95,77.54,65,0,5.48
124,Saint George,US,2020-08-23 16:45:38,37.1,-113.58,93.0,33,1,2.91
125,Kandrian,PG,2020-08-23 16:47:24,-6.22,149.55,77.11,83,100,11.56
126,Victoria,HK,2020-08-23 16:45:56,22.29,114.16,84.0,74,100,8.01
127,Jamame,SO,2020-08-23 16:47:24,0.07,42.75,75.74,77,68,10.07
128,Hilo,US,2020-08-23 16:45:37,19.73,-155.09,75.2,83,75,3.62
129,Outlook,CA,2020-08-23 16:47:25,51.5,-107.05,71.01,37,42,4.32
130,Boa Vista,BR,2020-08-23 16:47:25,2.82,-60.67,82.4,65,40,9.17
131,Pareora,NZ,2020-08-23 16:47:25,-44.49,171.21,50.0,97,99,8.21
132,Brae,GB,2020-08-23 16:47:25,60.4,-1.35,51.8,71,75,14.99
133,Tilichiki,RU,2020-08-23 16:47:25,60.47,166.1,43.63,91,96,8.55
134,Ullapool,GB,2020-08-23 16:47:26,57.9,-5.16,54.0,75,99,1.99
135,Talnakh,RU,2020-08-23 16:47:20,69.49,88.4,57.2,93,100,6.71
136,Atambua,ID,2020-08-23 16:47:26,-9.11,124.89,67.23,73,48,5.68
137,Tres Picos,MX,2020-08-23 16:47:26,15.87,-93.53,82.04,72,78,3.78
138,Beloha,MG,2020-08-23 16:47:26,-25.17,45.05,67.89,81,1,9.37
139,Atraulia,IN,2020-08-23 16:47:26,26.33,82.95,78.8,100,40,2.24
140,Port Lincoln,AU,2020-08-23 16:47:26,-34.73,135.87,47.39,81,64,3.96
141,Henties Bay,NA,2020-08-23 16:47:27,-22.12,14.28,64.0,76,0,1.99
142,Alofi,NU,2020-08-23 16:47:27,-19.06,-169.92,73.4,88,72,8.05
143,Yulara,AU,2020-08-23 16:47:27,-25.24,130.99,62.6,36,0,10.29
144,Luderitz,NA,2020-08-23 16:47:27,-26.65,15.16,61.02,67,0,15.37
145,Maniitsoq,GL,2020-08-23 16:47:27,65.42,-52.9,46.18,86,47,5.17
146,Chhatak,BD,2020-08-23 16:47:27,25.03,91.67,80.28,87,68,3.47
147,Sychevka,RU,2020-08-23 16:47:28,55.83,34.27,64.02,79,100,9.1
148,Sur,OM,2020-08-23 16:47:28,22.57,59.53,80.64,75,95,13.24
149,Manaure,CO,2020-08-23 16:47:28,11.78,-72.44,85.87,64,43,8.03
150,Abnub,EG,2020-08-23 16:47:28,27.27,31.15,89.6,29,0,9.17
151,Olafsvik,IS,2020-08-23 16:47:28,64.89,-23.71,52.39,64,33,7.58
152,Cherskiy,RU,2020-08-23 16:47:28,68.75,161.3,38.28,94,100,13.82
153,High Level,CA,2020-08-23 16:47:28,58.52,-117.14,55.4,93,90,5.82
154,Sioux Lookout,CA,2020-08-23 16:47:29,50.1,-91.92,71.6,83,90,4.7
155,Derventa,BA,2020-08-23 16:47:29,44.98,17.91,78.01,78,40,2.24
156,Port Blair,IN,2020-08-23 16:46:38,11.67,92.75,81.73,80,100,8.23
157,Puerto Ayora,EC,2020-08-23 16:46:22,-0.74,-90.35,71.6,64,75,20.8
158,New Norfolk,AU,2020-08-23 16:47:29,-42.78,147.06,39.0,86,22,2.98
159,Saint-Georges,GD,2020-08-23 16:47:29,12.06,-61.75,82.4,88,20,11.32
160,San Patricio,MX,2020-08-23 16:47:29,19.22,-104.7,84.2,83,75,6.93
161,Flinders,AU,2020-08-23 16:47:29,-34.58,150.86,51.01,59,0,11.99
162,Antofagasta,CL,2020-08-23 16:47:29,-23.65,-70.4,57.2,76,90,11.41
163,Tasiilaq,GL,2020-08-23 16:47:30,65.61,-37.64,48.2,57,0,5.82
164,Zhezkazgan,KZ,2020-08-23 16:47:30,47.8,67.71,68.0,45,90,13.42
165,Katsuura,JP,2020-08-23 16:47:30,35.13,140.3,78.01,92,68,1.99
166,Geraldton,AU,2020-08-23 16:47:30,-28.77,114.6,51.8,87,75,2.24
167,Seoul,KR,2020-08-23 16:45:14,37.57,126.98,73.4,88,40,0.74
168,Nikolskoye,RU,2020-08-23 16:47:30,59.7,30.79,66.2,68,90,2.24
169,Kirkland Lake,CA,2020-08-23 16:45:54,48.14,-80.04,64.4,88,90,4.7
170,Aswan,EG,2020-08-23 16:47:31,24.09,32.91,93.43,18,0,6.58
171,Jieshou,CN,2020-08-23 16:47:31,33.26,115.36,77.11,92,5,6.51
172,Norman Wells,CA,2020-08-23 16:47:31,65.28,-126.83,57.2,76,20,10.29
173,Kongolo,CD,2020-08-23 16:47:31,-5.38,27.0,86.52,31,72,2.57
174,Jacqueville,CI,2020-08-23 16:47:31,5.21,-4.41,78.8,88,20,8.05
175,Mao,ES,2020-08-23 16:47:31,39.89,4.27,80.6,57,20,9.17
176,Hambantota,LK,2020-08-23 16:47:31,6.12,81.12,80.6,94,20,9.17
177,Butaritari,KI,2020-08-23 16:47:31,3.07,172.79,82.83,68,65,9.91
178,Sibolga,ID,2020-08-23 16:46:28,1.74,98.78,77.13,81,100,4.07
179,Belaya Gora,RU,2020-08-23 16:47:32,68.53,146.42,35.17,92,99,5.21
180,Gwadar,PK,2020-08-23 16:47:32,25.12,62.33,83.43,83,100,11.43
181,Goderich,CA,2020-08-23 16:47:32,43.75,-81.72,82.99,74,22,8.46
182,Maua,BR,2020-08-23 16:47:32,-23.67,-46.46,64.0,59,75,13.87
183,Capoterra,IT,2020-08-23 16:47:32,39.18,8.97,86.0,37,3,19.46
184,Torit,SS,2020-08-23 16:47:33,4.41,32.57,73.27,85,87,3.67
185,Umm Kaddadah,SD,2020-08-23 16:47:33,13.6,26.69,96.12,28,80,10.25
186,Hualmay,PE,2020-08-23 16:47:33,-11.1,-77.61,66.88,63,17,8.41
187,Pandamatenga,BW,2020-08-23 16:47:33,-18.53,25.63,67.41,34,1,7.23
188,Karratha,AU,2020-08-23 16:47:33,-20.74,116.85,74.26,47,12,7.52
189,Zhigansk,RU,2020-08-23 16:47:33,66.77,123.37,40.48,86,10,14.07
190,Ponta Do Sol,PT,2020-08-23 16:47:33,32.67,-17.1,80.6,47,20,18.34
191,Avarua,CK,2020-08-23 16:47:33,-21.21,-159.78,71.6,78,4,5.82
192,Dickinson,US,2020-08-23 16:47:34,29.46,-95.05,91.0,62,20,9.17
193,Las Vegas,US,2020-08-23 16:47:34,36.17,-115.14,95.0,30,1,3.36
194,Tabou,CI,2020-08-23 16:47:34,4.42,-7.35,77.61,78,78,11.5
195,Dalvik,IS,2020-08-23 16:47:34,65.97,-18.53,51.8,71,98,9.17
196,Leshukonskoye,RU,2020-08-23 16:47:34,64.9,45.76,59.25,91,93,6.78
197,Kaitangata,NZ,2020-08-23 16:47:34,-46.28,169.85,53.01,88,98,15.01
198,Ureshino,JP,2020-08-23 16:47:35,33.1,129.98,79.0,76,0,0.74
199,Codrington,AU,2020-08-23 16:47:35,-38.27,141.97,44.49,84,65,8.68
200,Tucuman,AR,2020-08-23 16:46:56,-26.82,-65.22,66.2,25,86,5.82
201,Coahuayana,MX,2020-08-23 16:47:35,18.73,-103.68,77.0,88,75,3.2
202,Palmer,US,2020-08-23 16:43:58,42.16,-72.33,90.0,48,20,11.41
203,Najran,SA,2020-08-23 16:45:15,17.49,44.13,96.8,16,100,6.93
204,Santa Isabel Do Rio Negro,BR,2020-08-23 16:47:35,-0.41,-65.02,92.84,38,0,2.59
205,Bambous Virieux,MU,2020-08-23 16:47:36,-20.34,57.76,72.0,73,40,16.11
206,Melville,US,2020-08-23 16:47:36,40.79,-73.42,84.0,65,1,9.17
207,San Jorge,AR,2020-08-23 16:47:36,-31.9,-61.86,73.0,23,0,4.0
208,Vila Velha,BR,2020-08-23 16:47:36,-20.33,-40.29,71.6,64,75,19.46
209,Tamiahua,MX,2020-08-23 16:47:36,21.27,-97.45,87.67,59,17,7.54
210,Tselinnoye,RU,2020-08-23 16:47:36,53.08,85.67,55.26,86,61,8.72
211,Mar Del Plata,AR,2020-08-23 16:47:36,-38.0,-57.56,64.4,45,0,16.11
212,East London,ZA,2020-08-23 16:46:36,-33.02,27.91,63.64,72,23,5.48
213,Mount Gambier,AU,2020-08-23 16:47:37,-37.83,140.77,39.2,93,90,4.7
214,Carnarvon,AU,2020-08-23 16:47:37,-24.87,113.63,64.4,88,65,14.99
215,Altay,CN,2020-08-23 16:47:37,47.87,88.12,62.91,36,92,5.73
216,Vrangel,RU,2020-08-23 16:47:37,42.73,133.08,66.94,93,23,1.72
217,Qatana,SY,2020-08-23 16:47:37,33.44,36.08,89.6,29,0,18.34
218,Inirida,CO,2020-08-23 16:47:37,3.87,-67.92,79.25,90,37,0.54
219,Havoysund,NO,2020-08-23 16:47:37,71.0,24.66,60.8,77,40,10.29
220,Camacha,PT,2020-08-23 16:47:38,33.08,-16.33,77.0,69,20,13.87
221,Thompson,CA,2020-08-23 16:47:38,55.74,-97.86,46.4,100,90,8.05
222,Hammerfest,NO,2020-08-23 16:47:38,70.66,23.68,53.6,100,75,14.99
223,Hithadhoo,MV,2020-08-23 16:47:33,-0.6,73.08,82.45,78,42,12.3
224,Marystown,CA,2020-08-23 16:47:38,47.17,-55.15,69.01,100,0,8.01
225,Arroyo,ES,2020-08-23 16:47:38,41.61,-4.8,82.99,20,85,5.82
226,Weatherford,US,2020-08-23 16:47:38,32.76,-97.8,89.01,54,0,4.0
227,Ambilobe,MG,2020-08-23 16:47:39,-13.2,49.05,69.49,77,34,2.55
228,Ngunguru,NZ,2020-08-23 16:47:39,-35.62,174.5,54.0,3,0,10.0
229,Longyearbyen,SJ,2020-08-23 16:47:39,78.22,15.64,48.2,49,20,9.17
230,Grand Gaube,MU,2020-08-23 16:47:39,-20.01,57.66,72.0,68,18,5.99
231,Lasa,IT,2020-08-23 16:47:39,46.62,10.7,66.99,63,75,6.93
232,Todos Santos,MX,2020-08-23 16:47:39,23.45,-110.22,80.01,77,61,5.01
233,Awjilah,LY,2020-08-23 16:47:39,29.11,21.29,91.02,20,0,10.74
234,Kahului,US,2020-08-23 16:47:39,20.89,-156.47,80.6,61,40,10.29
235,Noumea,NC,2020-08-23 16:47:39,-22.28,166.46,73.0,94,90,2.24
236,Naliya,IN,2020-08-23 16:47:40,23.27,68.83,81.48,86,100,14.23
237,Clyde River,CA,2020-08-23 16:47:40,70.47,-68.59,43.07,88,100,8.03
238,Fenyi,CN,2020-08-23 16:47:40,27.81,114.67,80.35,78,0,1.7
239,Sehithwa,BW,2020-08-23 16:47:40,-20.47,22.72,69.91,34,8,1.41
240,Saint-Dizier,FR,2020-08-23 16:47:40,48.42,5.08,72.0,40,12,11.41
241,Barra Patuca,HN,2020-08-23 16:47:40,15.8,-84.28,86.92,68,68,8.63
242,Padang,ID,2020-08-23 16:47:41,-0.95,100.35,79.5,71,95,4.05
243,Slave Lake,CA,2020-08-23 16:47:42,55.28,-114.77,60.8,55,1,17.22
244,Fairbanks,US,2020-08-23 16:47:42,64.84,-147.72,55.0,93,90,1.57
245,Ribeira Grande,PT,2020-08-23 16:47:42,38.52,-28.7,77.0,83,40,8.05
246,Ust-Kuyga,RU,2020-08-23 16:47:42,70.02,135.6,31.6,96,84,6.76
247,Xining,CN,2020-08-23 16:47:42,36.62,101.77,52.92,82,9,1.34
248,Severo-Kurilsk,RU,2020-08-23 16:47:42,50.68,156.12,51.06,73,95,5.32
249,Bafq,IR,2020-08-23 16:47:42,31.61,55.41,88.81,12,0,7.85
250,Tazovskiy,RU,2020-08-23 16:47:43,67.47,78.7,54.81,90,100,9.44
251,Touros,BR,2020-08-23 16:47:43,-5.2,-35.46,82.4,61,40,17.22
252,Lompoc,US,2020-08-23 16:47:28,34.64,-120.46,75.2,73,1,2.17
253,Auki,SB,2020-08-23 16:47:43,-8.77,160.7,76.78,90,100,1.97
254,Ucluelet,CA,2020-08-23 16:47:43,48.93,-125.55,60.01,100,75,2.24
255,Lavrentiya,RU,2020-08-23 16:47:43,65.58,-171.0,46.65,95,97,4.79
256,Makakilo City,US,2020-08-23 16:47:44,21.35,-158.09,80.6,83,20,3.36
257,Mayo,US,2020-08-23 16:47:44,38.89,-76.51,87.01,88,20,11.41
258,Qui Nhon,VN,2020-08-23 16:47:44,13.77,109.23,80.8,79,92,6.02
259,Pulivendla,IN,2020-08-23 16:46:37,14.42,78.23,85.26,61,52,10.25
260,Narsaq,GL,2020-08-23 16:47:44,60.92,-46.05,55.4,62,0,9.17
261,Bathsheba,BB,2020-08-23 16:47:44,13.22,-59.52,86.0,74,75,13.87
262,Sao Sebastiao,BR,2020-08-23 16:47:44,-23.76,-45.41,66.65,67,48,3.67
263,Preobrazheniye,RU,2020-08-23 16:47:44,42.9,133.91,66.29,90,28,4.05
264,Port Elizabeth,ZA,2020-08-23 16:47:45,-33.92,25.57,60.8,77,20,20.8
265,Pandan,PH,2020-08-23 16:47:45,14.05,124.17,80.58,82,100,5.37
266,Mana,GF,2020-08-23 16:47:45,5.66,-53.78,84.94,69,4,10.11
267,Namikupa,TZ,2020-08-23 16:47:45,-10.83,39.6,70.59,73,100,6.31
268,Dobryanka,RU,2020-08-23 16:47:45,58.46,56.42,60.8,72,18,1.3
269,Klaksvik,FO,2020-08-23 16:47:45,62.23,-6.59,48.2,76,85,17.22
270,Namibe,AO,2020-08-23 16:47:45,-15.2,12.15,66.87,87,34,8.08
271,Hirata,JP,2020-08-23 16:47:46,35.43,132.82,75.2,100,40,3.36
272,Beihai,CN,2020-08-23 16:47:46,21.48,109.1,84.02,78,0,10.13
273,Svetlyy,RU,2020-08-23 16:47:46,54.67,20.13,70.0,64,20,13.42
274,Asyut,EG,2020-08-23 16:44:24,27.18,31.18,89.6,29,0,9.17
275,Wanaka,NZ,2020-08-23 16:47:46,-44.7,169.15,44.01,79,100,1.01
276,Ugoofaaru,MV,2020-08-23 16:47:46,5.67,73.0,84.42,64,90,2.46
277,Lesozavodsk,RU,2020-08-23 16:47:46,45.48,133.42,62.1,94,79,4.09
278,Nauta,PE,2020-08-23 16:47:46,-4.51,-73.58,86.67,46,0,2.71
279,Salalah,OM,2020-08-23 16:47:47,17.02,54.09,77.0,100,90,5.82
280,Cabo San Lucas,MX,2020-08-23 16:43:54,22.89,-109.91,91.4,41,40,4.7
281,Fortuna,US,2020-08-23 16:47:47,40.6,-124.16,63.0,93,90,3.36
282,New Ulm,US,2020-08-23 16:47:47,44.31,-94.46,84.99,69,1,1.9
283,Oranjemund,NA,2020-08-23 16:47:47,-28.55,16.43,56.01,83,0,10.45
284,Pozo Colorado,PY,2020-08-23 16:47:47,-23.49,-58.8,63.68,63,99,6.55
285,Nanortalik,GL,2020-08-23 16:47:47,60.14,-45.24,47.32,78,4,3.0
286,Pacific Grove,US,2020-08-23 16:47:47,36.62,-121.92,59.0,93,4,3.0
287,Walvis Bay,NA,2020-08-23 16:47:48,-22.96,14.51,80.6,21,0,11.41
288,Yerbogachen,RU,2020-08-23 16:43:37,61.28,108.01,48.76,61,53,7.05
289,Ulladulla,AU,2020-08-23 16:47:48,-35.35,150.47,48.2,57,0,16.11
290,Sistranda,NO,2020-08-23 16:47:48,63.73,8.83,53.6,66,75,17.22
291,Isugod,PH,2020-08-23 16:47:48,9.34,118.12,79.95,76,100,3.76
292,Dembi Dolo,ET,2020-08-23 16:47:48,8.53,34.8,60.22,100,100,0.83
293,Homer,US,2020-08-23 16:47:49,59.64,-151.55,57.0,93,90,5.23
294,Kenai,US,2020-08-23 16:47:49,60.55,-151.26,57.2,82,75,3.36
295,Urucara,BR,2020-08-23 16:47:49,-2.54,-57.76,101.7,23,1,2.86
296,Kamenka,RU,2020-08-23 16:47:49,51.32,42.77,66.99,55,4,5.95
297,Husavik,IS,2020-08-23 16:47:49,66.04,-17.34,51.8,71,97,9.17
298,Jodhpur,IN,2020-08-23 16:47:49,26.29,73.03,89.69,60,5,1.19
299,Tefe,BR,2020-08-23 16:47:49,-3.35,-64.71,77.0,73,75,6.93
300,Kachiry,KZ,2020-08-23 16:47:50,53.07,76.1,57.78,77,37,4.7
301,Waiouru,NZ,2020-08-23 16:47:50,-39.48,175.67,41.74,96,95,8.59
302,Yazoo City,US,2020-08-23 16:47:50,32.86,-90.41,89.01,58,1,3.36
303,Yaan,NG,2020-08-23 16:47:50,7.38,8.57,74.01,96,100,1.36
304,Dunedin,NZ,2020-08-23 16:47:50,-45.87,170.5,48.99,96,100,1.01
305,Banda Aceh,ID,2020-08-23 16:47:50,5.56,95.32,80.33,78,67,5.44
306,Aasiaat,GL,2020-08-23 16:47:50,68.71,-52.87,42.31,67,16,7.7
307,Aykhal,RU,2020-08-23 16:47:51,66.0,111.5,44.96,64,0,2.71
308,Chibombo,ZM,2020-08-23 16:47:51,-14.66,28.07,66.81,44,35,8.12
309,Ahuimanu,US,2020-08-23 16:47:51,21.44,-157.84,80.6,78,20,6.93
310,Launceston,AU,2020-08-23 16:47:51,-41.45,147.17,37.99,87,0,4.7
311,Quelimane,MZ,2020-08-23 16:46:19,-17.88,36.89,73.4,69,48,2.24
312,Azare,NG,2020-08-23 16:47:51,11.68,10.19,78.84,75,99,7.78
313,Sucua,EC,2020-08-23 16:47:51,-2.47,-78.17,69.8,68,75,6.93
314,Busok,PH,2020-08-23 16:47:51,6.51,124.6,74.73,86,40,0.85
315,Cascais,PT,2020-08-23 16:47:52,38.7,-9.42,78.01,53,20,28.86
316,Saint-Augustin,CA,2020-08-23 16:47:52,51.23,-58.65,60.78,77,97,6.11
317,High Rock,BS,2020-08-23 16:47:52,26.62,-78.28,89.6,75,75,17.22
318,Gotsu,JP,2020-08-23 16:47:52,35.0,132.22,75.02,89,3,2.73
319,Pafos,CY,2020-08-23 16:47:52,34.77,32.42,84.2,62,0,3.36
320,Tiksi,RU,2020-08-23 16:47:52,71.69,128.87,37.67,79,84,10.18
321,Naze,JP,2020-08-23 16:47:52,28.37,129.48,84.2,83,75,8.05
322,Tongliao,CN,2020-08-23 16:47:53,43.61,122.27,69.22,85,100,13.06
323,Vokhtoga,RU,2020-08-23 16:47:53,58.81,41.05,63.95,81,95,7.0
324,Olinda,BR,2020-08-23 16:47:53,-8.01,-34.86,82.4,61,20,12.75
325,Oriximina,BR,2020-08-23 16:47:53,-1.77,-55.87,95.76,30,27,2.62
326,Gladstone,AU,2020-08-23 16:47:53,-23.85,151.25,48.2,66,1,5.75
327,Darnah,LY,2020-08-23 16:47:53,32.77,22.64,79.63,74,0,19.39
328,Qaqortoq,GL,2020-08-23 16:47:53,60.72,-46.03,55.4,62,0,9.17
329,Khatanga,RU,2020-08-23 16:47:54,71.97,102.5,55.38,67,85,9.57
330,Rockport,US,2020-08-23 16:44:01,28.02,-97.05,90.0,52,1,10.29
331,Ormara,PK,2020-08-23 16:47:54,25.21,64.64,84.06,87,55,14.76
332,Kingman,US,2020-08-23 16:45:05,35.19,-114.05,96.01,27,1,5.32
333,Berlevag,NO,2020-08-23 16:47:54,70.86,29.09,66.2,59,88,16.11
334,Grindavik,IS,2020-08-23 16:47:54,63.84,-22.43,55.4,62,87,8.05
335,Sabinopolis,BR,2020-08-23 16:47:54,-18.67,-43.08,58.84,82,100,4.52
336,Gualeguaychu,AR,2020-08-23 16:47:54,-33.01,-58.52,70.0,38,0,11.01
337,Shonguy,RU,2020-08-23 16:47:55,68.75,33.15,62.6,88,75,6.71
338,Lebu,CL,2020-08-23 16:47:55,-37.62,-73.65,51.06,91,100,19.91
339,Kihei,US,2020-08-23 16:47:55,20.79,-156.47,80.6,61,40,10.29
340,Turukhansk,RU,2020-08-23 16:47:55,65.82,87.98,55.27,88,100,8.59
341,Camacupa,AO,2020-08-23 16:47:55,-12.02,17.48,73.4,28,14,2.57
342,Benghazi,LY,2020-08-23 16:47:55,32.12,20.07,80.89,70,0,14.16
343,Nanae,JP,2020-08-23 16:47:55,41.88,140.68,65.71,86,1,2.75
344,Zhelyabovka,UA,2020-08-23 16:47:56,45.4,34.76,67.53,49,0,4.61
345,Port Hardy,CA,2020-08-23 16:47:56,50.7,-127.42,57.04,80,100,2.33
346,Freeport,US,2020-08-23 16:42:58,40.66,-73.58,84.99,65,1,9.17
347,Sena Madureira,BR,2020-08-23 16:47:56,-9.07,-68.66,91.98,29,0,1.14
348,Half Moon Bay,US,2020-08-23 16:47:56,37.46,-122.43,71.01,77,20,3.4
349,Den Helder,NL,2020-08-23 16:47:56,52.96,4.76,66.0,72,90,14.99
350,Tondano,ID,2020-08-23 16:47:56,1.3,124.91,75.2,88,20,3.22
351,Faya,SA,2020-08-23 16:47:56,18.39,42.45,77.0,69,20,9.17
352,Kurchum,KZ,2020-08-23 16:47:57,48.57,83.65,66.09,41,48,7.92
353,Keetmanshoop,NA,2020-08-23 16:47:57,-26.58,18.13,68.88,21,0,7.09
354,Vila Franca Do Campo,PT,2020-08-23 16:47:57,37.72,-25.43,77.0,78,20,14.99
355,San Luis,AR,2020-08-23 16:44:01,-33.3,-66.34,67.51,24,0,20.45
356,Severodvinsk,RU,2020-08-23 16:45:32,64.56,39.83,60.8,93,90,8.95
357,Pyinmana,MM,2020-08-23 16:47:57,19.73,96.22,74.35,94,99,6.58
358,Kuytun,RU,2020-08-23 16:47:57,54.34,101.5,51.42,93,99,3.89
359,Cayenne,GF,2020-08-23 16:47:57,4.93,-52.33,84.2,79,2,9.17
360,Uyuni,BO,2020-08-23 16:47:04,-20.46,-66.83,51.21,40,0,21.99
361,Gargzdai,LT,2020-08-23 16:47:58,55.71,21.4,68.0,72,75,8.05
362,Limon,CR,2020-08-23 16:47:38,10.0,-83.03,84.2,74,20,6.93
363,Luena,AO,2020-08-23 16:47:58,-11.78,19.92,73.22,25,1,3.71
364,Sorong,ID,2020-08-23 16:47:58,-0.88,131.25,76.69,86,99,4.68
365,Letterkenny,IE,2020-08-23 16:47:58,54.95,-7.73,57.2,76,75,12.75
366,Chuy,UY,2020-08-23 16:47:58,-33.7,-53.46,62.53,55,0,10.42
367,Cabras,IT,2020-08-23 16:47:58,39.93,8.53,77.49,55,21,15.86
368,Chelbasskaya,RU,2020-08-23 16:47:59,45.98,39.37,71.51,32,0,9.66
369,Abu Samrah,SY,2020-08-23 16:47:59,35.3,37.18,82.69,21,0,10.63
370,Lannion,FR,2020-08-23 16:47:59,48.75,-3.42,66.2,63,20,14.99
371,Aquin,HT,2020-08-23 16:47:59,18.28,-73.4,79.36,84,100,25.59
372,Palana,RU,2020-08-23 16:47:59,59.12,159.97,44.08,89,92,4.61
373,Wagar,SD,2020-08-23 16:47:59,16.15,36.2,94.82,36,22,9.28
374,Ust-Ilimsk,RU,2020-08-23 16:48:00,58.0,102.66,57.81,87,100,2.57
375,Prainha,BR,2020-08-23 16:48:00,-1.8,-53.48,81.41,68,35,7.05
376,Gossas,SN,2020-08-23 16:48:00,14.49,-16.06,91.4,66,75,6.93
377,Wellington,NZ,2020-08-23 16:48:00,-41.29,174.78,51.8,93,100,18.34
378,Sisimiut,GL,2020-08-23 16:48:00,66.94,-53.67,48.16,73,4,6.2
379,Solnechnyy,RU,2020-08-23 16:48:00,50.72,136.63,57.33,91,97,1.21
380,Fort-Shevchenko,KZ,2020-08-23 16:48:00,44.51,50.26,71.91,53,80,17.31
381,Mirnyy,RU,2020-08-23 16:48:00,62.54,113.96,44.6,68,0,4.47
382,Ayapel,CO,2020-08-23 16:48:01,8.31,-75.14,87.26,68,54,2.75
383,Aripuana,BR,2020-08-23 16:48:01,-9.17,-60.63,103.39,19,0,1.83
384,Roma,US,2020-08-23 16:48:01,43.21,-75.46,84.0,58,1,5.35
385,Hamilton,US,2020-08-23 16:43:11,39.18,-84.53,84.0,69,40,4.81
386,Nalut,LY,2020-08-23 16:48:01,30.33,10.85,98.83,12,0,13.51
387,Nouadhibou,MR,2020-08-23 16:48:01,20.93,-17.03,82.4,65,3,17.22
388,Sola,VU,2020-08-23 16:48:01,-13.88,167.55,80.17,86,93,14.25
389,Komsomolskiy,UZ,2020-08-23 16:48:02,40.43,71.72,78.8,39,0,9.17
390,Te Anau,NZ,2020-08-23 16:48:02,-45.42,167.72,39.97,88,95,1.05
391,North Platte,US,2020-08-23 16:45:27,41.12,-100.77,86.0,57,1,4.7
392,Brainerd,US,2020-08-23 16:47:16,46.36,-94.2,79.0,61,1,3.36
393,Peniche,PT,2020-08-23 16:48:02,39.36,-9.38,80.01,60,12,10.0
394,Anqing,CN,2020-08-23 16:48:02,30.51,117.05,83.07,71,0,3.29
395,Arman,RU,2020-08-23 16:48:02,59.7,150.17,40.37,70,0,10.04
396,Uromi,NG,2020-08-23 16:48:02,6.7,6.33,75.15,92,95,5.68
397,Smithers,CA,2020-08-23 16:48:03,54.78,-127.17,51.8,87,75,3.36
398,Twin Falls,US,2020-08-23 16:45:05,42.56,-114.46,77.0,29,90,3.36
399,Whitehorse,CA,2020-08-23 16:48:03,60.72,-135.05,55.4,87,90,5.82
400,Cobija,BO,2020-08-23 16:48:03,-11.03,-68.77,90.73,28,0,1.14
401,Vela,RO,2020-08-23 16:48:03,44.28,23.42,91.0,40,24,4.7
402,Virginia Beach,US,2020-08-23 16:48:03,36.85,-75.98,88.0,62,75,9.17
403,Hovd,MN,2020-08-23 16:48:03,48.01,91.64,62.47,39,51,9.6
404,Waddan,LY,2020-08-23 16:48:04,29.16,16.14,92.48,21,0,8.79
405,Saucillo,MX,2020-08-23 16:48:04,28.02,-105.28,87.48,26,3,5.53
406,Sangmelima,CM,2020-08-23 16:48:04,2.93,11.98,69.73,95,100,4.38
407,Myaundzha,RU,2020-08-23 16:48:04,63.05,147.19,27.41,95,44,2.89
408,Lesnikovo,RU,2020-08-23 16:48:04,55.28,65.32,56.28,90,100,6.13
409,Cockburn Town,TC,2020-08-23 16:48:04,21.46,-71.14,83.97,75,100,34.47
410,Tumen,CN,2020-08-23 16:48:04,42.97,129.84,67.44,92,100,1.52
411,Yumen,CN,2020-08-23 16:48:05,40.28,97.2,71.1,23,0,8.46
412,Tezu,IN,2020-08-23 16:48:05,27.92,96.17,76.41,85,53,3.18
413,Hazorasp,UZ,2020-08-23 16:48:05,41.32,61.07,84.2,35,6,9.17
414,Evensk,RU,2020-08-23 16:48:05,61.95,159.23,42.55,65,97,8.59
415,Garden City,US,2020-08-23 16:48:05,42.33,-83.33,87.8,48,20,5.82
416,Zlobin,HR,2020-08-23 16:48:05,45.29,14.65,82.99,45,12,9.17
417,Pedro Ii,BR,2020-08-23 16:48:05,-4.42,-41.46,94.91,22,0,7.81
418,Hanzhong,CN,2020-08-23 16:48:06,33.07,107.03,68.67,86,100,1.32
419,Springbok,ZA,2020-08-23 16:48:06,-29.66,17.89,58.66,42,0,3.22
420,Horsham,GB,2020-08-23 16:48:06,51.06,-0.33,68.0,68,40,10.29
421,Sao Gabriel Da Cachoeira,BR,2020-08-23 16:48:06,-0.13,-67.09,73.4,78,75,5.82
422,Bonthe,SL,2020-08-23 16:48:06,7.53,-12.51,80.1,79,98,12.15
423,Ulaangom,MN,2020-08-23 16:48:06,49.98,92.07,56.73,66,90,3.49
424,Saint-Paul-Les-Dax,FR,2020-08-23 16:48:07,43.73,-1.05,79.0,50,69,8.05
425,Viedma,AR,2020-08-23 16:46:08,-40.81,-63.0,66.0,28,19,11.01
426,Domoni,KM,2020-08-23 16:48:07,-12.26,44.53,75.61,69,41,0.38
427,Warrington,GB,2020-08-23 16:46:26,53.39,-2.58,64.0,77,40,6.93
428,Bata,GQ,2020-08-23 16:48:07,1.86,9.77,76.77,84,100,12.33
429,Sao Filipe,CV,2020-08-23 16:48:07,14.9,-24.5,79.79,78,96,7.29
430,Fare,PF,2020-08-23 16:48:07,-16.7,-151.02,76.91,77,0,19.86
431,Myitkyina,MM,2020-08-23 16:48:07,25.38,97.4,76.82,94,99,0.4
432,Mindyak,RU,2020-08-23 16:48:08,54.02,58.79,50.0,87,16,8.95
433,Melfi,IT,2020-08-23 16:48:08,41.0,15.65,91.4,29,16,10.29
434,Siguiri,GN,2020-08-23 16:48:08,11.67,-9.5,85.14,69,80,1.54
435,Miyako,JP,2020-08-23 16:48:08,39.64,141.95,71.33,89,91,2.82
436,Muriwai Beach,NZ,2020-08-23 16:48:08,-36.82,174.45,53.01,96,37,16.37
437,Puerto Penasco,MX,2020-08-23 16:48:08,31.32,-113.53,90.0,72,0,4.0
438,Bacolod,PH,2020-08-23 16:48:08,10.67,122.95,78.67,82,99,3.71
439,Qostanay,KZ,2020-08-23 16:48:09,53.17,63.58,57.2,76,19,8.95
440,Beecher,US,2020-08-23 16:48:09,43.09,-83.69,86.0,51,1,10.29
441,Corowa,AU,2020-08-23 16:48:09,-36.03,146.38,36.0,91,0,7.43
442,Tura,IN,2020-08-23 16:48:09,25.52,90.22,74.77,94,67,4.12
443,Trairi,BR,2020-08-23 16:44:27,-3.28,-39.27,84.29,57,1,17.96
444,Zemio,CF,2020-08-23 16:48:09,5.03,25.14,69.98,95,96,2.24
445,Poronaysk,RU,2020-08-23 16:48:09,49.22,143.12,56.93,91,9,2.19
446,Matamoros,MX,2020-08-23 16:48:09,25.53,-103.25,84.2,37,5,8.05
447,Antalaha,MG,2020-08-23 16:48:09,-14.9,50.28,70.23,80,99,9.4
448,Margate,GB,2020-08-23 16:48:10,51.38,1.39,72.0,58,41,4.0
449,Menongue,AO,2020-08-23 16:48:10,-14.66,17.69,74.01,23,59,2.89
450,Puerto Madryn,AR,2020-08-23 16:48:04,-42.77,-65.04,63.59,30,87,12.93
451,Arica,CL,2020-08-23 16:48:10,-18.48,-70.3,64.4,68,90,9.17
452,Aragarcas,BR,2020-08-23 16:48:10,-15.9,-52.25,93.79,25,3,6.51
453,Kensington,AU,2020-08-23 16:48:10,-33.92,151.22,52.0,53,0,14.99
454,Vieira De Leiria,PT,2020-08-23 16:48:11,39.87,-8.93,78.01,64,23,13.87
455,Sitka,US,2020-08-23 16:48:11,57.05,-135.33,55.4,93,90,3.36
456,Stromness,GB,2020-08-23 16:44:22,58.97,-3.3,53.6,66,75,10.29
457,Gayny,RU,2020-08-23 16:48:11,60.31,54.32,54.7,87,18,2.3
458,Mgandu,TZ,2020-08-23 16:48:11,-5.95,34.13,68.07,39,31,6.04
459,Dingle,PH,2020-08-23 16:48:11,11.0,122.67,76.98,87,93,1.12
460,Aksarka,RU,2020-08-23 16:48:11,66.56,67.8,52.23,86,99,12.3
461,Zhanakorgan,KZ,2020-08-23 16:48:11,43.91,67.25,79.61,25,41,3.13
462,Bondo,CD,2020-08-23 16:48:12,3.81,23.69,70.39,90,94,2.53
463,La Palma,US,2020-08-23 16:48:12,33.85,-118.05,84.0,65,75,2.71
464,Mapimi,MX,2020-08-23 16:48:12,25.82,-103.85,84.2,37,5,8.05
465,Luebo,CD,2020-08-23 16:48:12,-5.35,21.42,73.83,85,100,3.47
466,Kiunga,PG,2020-08-23 16:48:12,-6.12,141.29,72.0,98,100,3.31
467,Ostrovskoye,RU,2020-08-23 16:48:12,57.81,42.24,61.27,76,96,4.92
468,Srednekolymsk,RU,2020-08-23 16:48:12,67.45,153.68,33.8,91,97,7.52
469,Salinas,US,2020-08-23 16:46:47,36.68,-121.66,64.4,77,20,2.44
470,Caravelas,BR,2020-08-23 16:48:13,-17.71,-39.25,68.31,87,100,12.66
471,Copperas Cove,US,2020-08-23 16:48:13,31.12,-97.9,91.0,45,1,4.7
472,Port Hedland,AU,2020-08-23 16:48:13,-20.32,118.57,64.4,59,0,4.7
473,Shimoda,JP,2020-08-23 16:48:13,34.67,138.95,70.0,93,41,7.65
474,Kassala,SD,2020-08-23 16:48:13,15.45,36.4,87.4,58,36,12.91
475,Hasaki,JP,2020-08-23 16:48:13,35.73,140.83,75.2,94,40,4.7
476,Champerico,GT,2020-08-23 16:48:13,14.3,-91.92,80.6,78,75,4.7
477,Ibiapina,BR,2020-08-23 16:48:13,-3.92,-40.89,90.21,25,0,7.45
478,Veraval,IN,2020-08-23 16:48:14,20.9,70.37,80.64,87,100,17.69
479,Kupang,ID,2020-08-23 16:48:14,-10.17,123.58,73.18,77,0,9.71
480,Bay Roberts,CA,2020-08-23 16:47:51,47.6,-53.26,71.01,100,1,3.0
481,Salinopolis,BR,2020-08-23 16:48:14,-0.61,-47.36,82.87,78,30,11.32
482,Adtuyon,PH,2020-08-23 16:48:14,7.81,124.86,68.61,86,70,2.01
483,Lewistown,US,2020-08-23 16:48:14,40.6,-77.57,84.99,69,20,4.43
484,Zinder,NE,2020-08-23 16:48:14,13.81,8.99,90.61,40,93,9.01
485,Moron,AR,2020-08-23 16:48:14,-34.65,-58.62,64.4,45,0,11.41
486,Teguldet,RU,2020-08-23 16:48:15,57.31,88.17,53.1,93,61,2.91
487,Rock Springs,US,2020-08-23 16:48:15,41.59,-109.2,75.2,15,1,5.82
488,Abu Dhabi,AE,2020-08-23 16:43:37,24.47,54.37,96.8,67,63,9.17
489,Bandarbeyla,SO,2020-08-23 16:48:15,9.49,50.81,77.29,76,72,33.44
490,Nakhon Si Thammarat,TH,2020-08-23 16:48:15,8.43,99.97,79.25,79,42,2.95
491,Dahra,DZ,2020-08-23 16:48:15,36.25,0.85,98.6,30,20,8.05
492,Mount Isa,AU,2020-08-23 16:48:15,-20.73,139.5,50.0,31,0,10.69
493,Pingzhuang,CN,2020-08-23 16:48:16,42.04,119.29,64.2,87,100,11.3
494,Fort Nelson,CA,2020-08-23 16:46:10,58.81,-122.7,53.6,93,90,2.24
495,Livingston,GB,2020-08-23 16:48:16,55.9,-3.52,59.0,77,20,4.7
496,Oistins,BB,2020-08-23 16:48:16,13.07,-59.53,86.0,74,75,13.87
497,Fez,MA,2020-08-23 16:48:16,34.04,-5.0,100.4,17,40,8.05
498,Shache,CN,2020-08-23 16:48:16,38.42,77.24,75.36,19,0,5.08
499,Niksar,TR,2020-08-23 16:48:16,40.59,36.95,63.84,66,9,3.98
500,Leningradskiy,RU,2020-08-23 16:48:17,69.38,178.42,43.38,90,100,10.54
501,Saint-Joseph,RE,2020-08-23 16:48:17,-21.37,55.62,68.0,72,12,2.24
502,Imeni Poliny Osipenko,RU,2020-08-23 16:48:17,52.42,136.49,54.61,75,100,2.77
503,Araouane,ML,2020-08-23 16:48:17,18.9,-3.53,101.71,25,0,8.05
504,Miquelon,PM,2020-08-23 16:48:17,47.1,-56.38,68.0,77,20,14.99
505,Lazaro Cardenas,MX,2020-08-23 16:48:17,17.96,-102.2,83.98,81,79,4.56
506,Winnemucca,US,2020-08-23 16:48:17,40.97,-117.74,71.6,14,1,2.66
507,Puerto Escondido,MX,2020-08-23 16:48:17,15.85,-97.07,80.6,69,90,5.59
508,Cuamba,MZ,2020-08-23 16:48:18,-14.8,36.54,67.69,61,94,4.43
509,Ballina,AU,2020-08-23 16:48:18,-28.87,153.57,51.01,59,0,5.82
510,Yeppoon,AU,2020-08-23 16:48:18,-23.13,150.73,44.6,75,28,6.96
511,Lengshuijiang,CN,2020-08-23 16:48:18,27.69,111.43,78.75,80,5,2.19
512,Bulnes,CL,2020-08-23 16:48:18,-36.74,-72.3,51.8,81,90,16.11
513,Khani,GE,2020-08-23 16:48:18,41.96,42.96,73.4,69,75,13.87
514,Camacari,BR,2020-08-23 16:48:18,-12.7,-38.32,77.0,83,75,9.17
515,Ziro,IN,2020-08-23 16:48:19,27.63,93.83,58.95,100,97,1.1
516,Horta,PT,2020-08-23 16:48:19,38.53,-28.63,77.0,83,40,8.05
517,Saint Anthony,US,2020-08-23 16:48:19,45.02,-93.22,86.0,69,1,3.36
518,Quatre Cocos,MU,2020-08-23 16:48:19,-20.21,57.76,72.0,73,40,16.11
519,Abu Kamal,SY,2020-08-23 16:48:19,34.45,40.92,88.86,19,0,13.49
520,Cabedelo,BR,2020-08-23 16:48:19,-6.98,-34.83,84.2,58,40,14.99
521,Amontada,BR,2020-08-23 16:48:20,-3.36,-39.83,97.48,28,2,8.21
522,Nehe,CN,2020-08-23 16:48:20,48.48,124.83,63.34,90,84,7.56
523,Ahipara,NZ,2020-08-23 16:48:20,-35.17,173.17,55.35,80,42,17.36
524,Roald,NO,2020-08-23 16:48:20,62.58,6.13,53.6,66,75,16.11
525,Rio Negro,BR,2020-08-23 16:48:20,-26.11,-49.8,53.01,87,65,1.99
526,Kashi,CN,2020-08-23 16:48:20,39.45,75.98,84.2,32,0,6.71
527,Tvoroyri,FO,2020-08-23 16:48:20,61.56,-6.81,48.2,76,47,17.22
528,Koumac,NC,2020-08-23 16:48:21,-20.57,164.28,70.14,80,49,8.14
529,Vilhena,BR,2020-08-23 16:48:21,-12.74,-60.15,86.0,37,0,5.82
530,Tamesis,CO,2020-08-23 16:48:21,5.66,-75.71,71.01,64,40,2.24
531,Richards Bay,ZA,2020-08-23 16:48:21,-28.78,32.04,67.62,77,0,8.68
532,Joetsu,JP,2020-08-23 16:48:21,37.15,138.24,72.0,92,32,1.01
533,Yurga,RU,2020-08-23 16:48:21,55.72,84.89,54.05,93,75,7.38
534,Magadan,RU,2020-08-23 16:48:21,59.57,150.8,40.53,69,5,8.93
535,College,US,2020-08-23 16:48:21,64.86,-147.8,55.0,93,75,1.63
536,Port Augusta,AU,2020-08-23 16:48:22,-32.5,137.77,48.2,81,90,1.12
537,Angermunde,DE,2020-08-23 16:48:22,53.02,14.0,75.0,47,2,9.19
538,Matara,LK,2020-08-23 16:48:22,5.95,80.54,78.82,87,12,5.68
539,Suntar,RU,2020-08-23 16:48:22,62.14,117.63,43.05,69,0,3.69
540,Bowen,AU,2020-08-23 16:48:22,-20.02,148.23,57.0,87,27,2.24
541,Buala,SB,2020-08-23 16:48:22,-8.14,159.59,78.4,87,100,7.05
542,Balkhash,KZ,2020-08-23 16:48:22,46.84,74.98,72.0,47,35,3.76
543,Bayir,TR,2020-08-23 16:48:23,37.27,28.22,91.4,38,0,6.93
544,Santa Maria,BR,2020-08-23 16:48:23,-29.68,-53.81,69.8,46,0,10.29
545,Bealanana,MG,2020-08-23 16:48:23,-14.55,48.73,56.14,90,85,3.89
546,Togur,RU,2020-08-23 16:48:23,58.36,82.83,52.74,94,85,3.53
547,Esmeraldas,BR,2020-08-23 16:48:23,-19.76,-44.31,68.0,56,75,5.82
548,Nha Trang,VN,2020-08-23 16:48:23,12.25,109.18,82.4,88,20,1.12
549,Odweyne,SO,2020-08-23 16:48:23,9.41,45.06,76.1,50,73,20.62
550,Rupert,US,2020-08-23 16:48:23,42.62,-113.68,66.2,55,40,3.36
551,Kijang,KR,2020-08-23 16:48:24,35.24,129.21,77.0,83,75,3.36
552,Honningsvag,NO,2020-08-23 16:48:24,70.98,25.97,60.8,72,40,9.17
553,Nakhon Thai,TH,2020-08-23 16:48:24,17.1,100.84,75.45,88,100,0.83
554,Blagoyevo,RU,2020-08-23 16:48:24,63.37,47.92,61.84,83,74,5.64
